-- 테이블 생성
drop table dept;
create table dept (
    deptno int,
    dname varchar(14),
    loc varchar(13)
);
drop table emp;
create table emp (
    empno int,
    ename varchar(10),
    job varchar(9),
    mgr int,
    hiredate date,
    sal int,
    comm int,
    deptno int
);
drop table bonus;
create table bonus (
    ename varchar(10),
    job varchar(9),
    sal int,
    comm int
);

drop table salgrade;
create table salgrade (
    grade int,
    losal int,
    hisal int
);
    
insert into dept values	(10,'ACCOUNTING','NEW YORK');
insert into dept values (20,'RESEARCH','DALLAS');
insert into dept values (30,'SALES','CHICAGO');
insert into dept values	(40,'OPERATIONS','BOSTON');    

insert into emp values (7369,'SMITH','CLERK',7902, str_to_date('17-12-1980','%d-%m-%Y'),800,NULL,20);
insert into emp values (7499,'ALLEN','SALESMAN',7698,str_to_date('20-2-1981','%d-%m-%Y'),1600,300,30);
insert into emp values (7521,'WARD','SALESMAN',7698,str_to_date('22-2-1981','%d-%m-%Y'),1250,500,30);
insert into emp values (7566,'JONES','MANAGER',7839,str_to_date('2-4-1981','%d-%m-%Y'),2975,NULL,20);
insert into emp values (7654,'MARTIN','SALESMAN',7698,str_to_date('28-9-1981','%d-%m-%Y'),1250,1400,30);
insert into emp values (7698,'BLAKE','MANAGER',7839,str_to_date('1-5-1981','%d-%m-%Y'),2850,NULL,30);
insert into emp values (7782,'CLARK','MANAGER',7839,str_to_date('9-6-1981','%d-%m-%Y'),2450,NULL,10);
insert into emp values (7788,'SCOTT','ANALYST',7566,str_to_date('13-7-87','%d-%m-%Y'),3000,NULL,20);
insert into emp values (7839,'KING','PRESIDENT',NULL,str_to_date('17-11-1981','%d-%m-%Y'),5000,NULL,10);
insert into emp values (7844,'TURNER','SALESMAN',7698,str_to_date('8-9-1981','%d-%m-%Y'),1500,0,30);
insert into emp values (7876,'ADAMS','CLERK',7788,str_to_date('13-7-87','%d-%m-%Y'),1100,NULL,20);
insert into emp values (7900,'JAMES','CLERK',7698,str_to_date('3-12-1981','%d-%m-%Y'),950,NULL,30);
insert into emp values (7902,'FORD','ANALYST',7566,str_to_date('3-12-1981','%d-%m-%Y'),3000,NULL,20);
insert into emp values (7934,'MILLER','CLERK',7782,str_to_date('23-1-1982','%d-%m-%Y'),1300,NULL,10);
		 
insert into salgrade values (1,700,1200);
insert into salgrade values (2,1201,1400);
insert into salgrade values (3,1401,2000);
insert into salgrade values (4,2001,3000);
insert into salgrade values (5,3001,9999);

select * from emp; 
select * from bonus; -- 조회결과 없음
select * from salgrade;
select * from dept;